heuristic,beam_width,length
h2,10,27.4375
h2,100,30.666666666666668
h2,500,32.05833333333333
h5,10,29.395833333333332
h5,100,32.0
h5,500,33.104166666666664
h8,10,26.0
h8,100,27.991666666666664
h8,500,29.179166666666664
